startTime;AV01;AV02;AV04;AV05;AV06;AV07;AV08;AV09;AV10;AV12
2026-02-16 22:00:00+00:00;2082.1;184.1;984.5;0.1;963.5;0.0;0.0;357.7;944.9;169.5
2026-02-16 23:00:00+00:00;1976.8;660.0;1010.7;0.1;1067.7;0.0;0.0;417.8;880.9;590.0
2026-02-17 00:00:00+00:00;1685.3;508.0;1005.0;0.1;933.7;0.0;0.0;390.8;323.4;101.7
2026-02-17 01:00:00+00:00;1686.9;743.0;987.7;0.1;906.2;0.0;0.0;391.9;560.7;115.5
2026-02-17 02:00:00+00:00;1958.9;871.0;1026.3;0.0;906.6;0.0;0.0;392.7;171.6;38.1
2026-02-17 03:00:00+00:00;2162.3;864.1;1050.1;0.0;871.8;0.0;0.5;397.5;352.3;151.6
2026-02-17 04:00:00+00:00;2266.9;446.1;1093.0;0.2;1661.8;0.0;0.3;382.4;2455.0;1173.0
2026-02-17 05:00:00+00:00;2237.8;713.2;1075.8;0.2;1022.3;0.0;0.1;768.4;334.1;105.8
2026-02-17 06:00:00+00:00;2197.9;330.8;995.1;111.3;1583.9;0.0;0.1;839.8;1032.6;335.1
2026-02-17 07:00:00+00:00;2438.7;456.4;949.3;184.7;2728.1;0.0;1.0;871.9;1167.0;224.5
2026-02-17 08:00:00+00:00;2445.1;443.6;1008.9;286.6;3820.0;0.1;1.2;778.8;1521.5;193.2
2026-02-17 09:00:00+00:00;2491.3;31.9;1058.1;0.2;5310.5;0.3;1.7;788.7;1170.4;81.5
2026-02-17 10:00:00+00:00;2347.3;789.3;976.5;21.2;6049.8;0.3;1.1;869.3;1406.9;96.1
2026-02-17 11:00:00+00:00;2300.9;511.5;1006.4;18.2;5547.6;0.3;1.0;893.1;539.2;46.7
2026-02-17 12:00:00+00:00;2371.0;486.9;982.3;0.3;4219.2;0.3;1.0;832.1;388.0;142.5
2026-02-17 13:00:00+00:00;2232.4;618.0;1018.2;0.2;3190.2;0.2;0.7;368.5;1114.8;326.4
2026-02-17 14:00:00+00:00;1823.2;484.8;1056.6;0.0;1702.7;0.0;1.2;356.1;444.8;254.6
2026-02-17 15:00:00+00:00;1780.7;581.1;1037.8;1.0;2445.6;0.0;1.1;356.1;3158.5;1752.7
2026-02-17 16:00:00+00:00;1986.4;403.0;1010.2;0.0;2069.6;0.0;0.8;376.9;2151.9;1091.3
2026-02-17 17:00:00+00:00;1878.9;568.9;1020.3;0.0;1824.4;0.0;0.6;420.2;1984.1;638.1
2026-02-17 18:00:00+00:00;2209.9;827.8;1026.2;0.0;1238.3;0.0;0.7;382.5;780.4;267.8
2026-02-17 19:00:00+00:00;1960.2;853.9;1036.1;0.0;1224.1;0.0;0.6;384.1;194.4;98.2
2026-02-17 20:00:00+00:00;1864.1;856.4;1024.9;0.0;1568.0;0.0;0.1;430.5;1112.3;307.4
2026-02-17 21:00:00+00:00;1777.3;528.3;996.3;0.1;1209.8;0.0;0.1;394.1;1284.2;630.3
2026-02-17 22:00:00+00:00;1745.4;527.0;990.4;0.1;713.2;0.0;0.9;346.3;246.4;64.7
2026-02-17 23:00:00+00:00;1945.4;487.0;1020.0;0.1;869.6;0.0;0.0;293.7;753.8;299.9
2026-02-18 00:00:00+00:00;2178.0;672.0;1037.6;0.1;923.9;0.0;0.1;306.6;405.4;112.0
2026-02-18 01:00:00+00:00;2160.2;452.6;1046.3;0.1;847.3;0.0;0.2;335.7;908.8;272.2
2026-02-18 02:00:00+00:00;2166.5;824.9;1072.3;0.0;899.0;0.0;0.0;334.8;748.7;167.8
2026-02-18 03:00:00+00:00;2027.6;603.5;1114.6;0.2;698.0;0.0;0.1;382.0;163.1;78.9
2026-02-18 04:00:00+00:00;1955.7;639.2;1122.8;0.6;979.3;0.0;0.1;430.8;448.4;115.7
2026-02-18 05:00:00+00:00;1782.6;669.8;1053.0;0.3;1019.1;0.0;0.1;445.4;539.3;130.4
2026-02-18 06:00:00+00:00;2066.9;957.4;1005.9;0.0;2610.0;0.0;0.6;456.6;2271.4;713.9
2026-02-18 07:00:00+00:00;2194.8;220.3;951.3;25.7;3749.7;0.0;0.6;484.2;1979.6;723.8
2026-02-18 08:00:00+00:00;2447.5;47.9;876.9;1.2;7087.7;0.2;0.7;421.4;1960.2;1055.5
2026-02-18 09:00:00+00:00;2406.7;41.2;906.1;0.2;11952.7;0.4;1.2;370.0;2086.7;1355.0
2026-02-18 10:00:00+00:00;2424.0;25.6;840.5;1.2;14904.0;0.8;1.1;426.5;924.1;35.2
2026-02-18 11:00:00+00:00;2287.3;18.2;834.9;1.0;14812.7;0.9;0.9;440.8;962.5;131.9
2026-02-18 12:00:00+00:00;2174.3;405.7;844.9;0.2;11193.3;0.6;1.2;384.2;950.0;71.3
2026-02-18 13:00:00+00:00;2314.1;732.6;933.7;0.3;5741.9;0.2;0.5;361.3;571.3;108.8
2026-02-18 14:00:00+00:00;2439.3;30.9;942.8;0.1;1973.2;0.0;0.4;324.5;341.0;124.6
2026-02-18 15:00:00+00:00;2406.2;16.1;937.2;0.2;1629.0;0.0;0.6;351.6;929.7;640.8
2026-02-18 16:00:00+00:00;2248.6;24.9;943.5;0.0;1678.0;0.0;0.5;399.9;1905.6;1795.2
2026-02-18 17:00:00+00:00;2233.1;15.1;938.2;0.0;1370.6;0.0;1.1;392.6;797.1;123.3
2026-02-18 18:00:00+00:00;2031.9;60.6;954.4;0.0;1027.0;0.0;0.3;448.5;471.1;46.6
2026-02-18 19:00:00+00:00;1932.3;735.9;994.6;0.1;1009.1;0.0;0.6;452.4;1001.3;494.5
2026-02-18 20:00:00+00:00;1922.9;618.4;1027.6;0.5;1060.6;0.0;0.6;477.1;1741.3;1378.8
2026-02-18 21:00:00+00:00;1970.3;542.7;1022.9;0.1;580.8;0.0;0.1;443.2;973.8;452.0
2026-02-18 22:00:00+00:00;1931.0;497.3;1016.4;0.1;649.2;0.0;0.0;456.1;285.3;225.1
2026-02-18 23:00:00+00:00;2011.4;458.6;1035.2;0.1;633.2;0.0;0.1;449.2;655.4;144.0
2026-02-19 00:00:00+00:00;1976.4;228.7;1037.3;0.1;600.6;0.0;0.0;446.3;663.0;385.7
2026-02-19 01:00:00+00:00;1768.6;245.0;1046.2;0.3;603.7;0.0;0.0;458.1;465.3;158.9
2026-02-19 02:00:00+00:00;1708.5;223.8;1070.1;0.2;656.4;0.0;0.2;474.5;561.9;154.8
2026-02-19 03:00:00+00:00;1590.2;163.2;1115.8;0.1;586.0;0.0;0.1;457.1;235.5;36.8
2026-02-19 04:00:00+00:00;1805.6;257.5;1155.4;0.0;870.7;0.0;0.2;455.7;395.1;151.8
2026-02-19 05:00:00+00:00;2230.6;349.8;1061.5;0.2;1028.2;0.0;0.1;500.2;1026.8;652.0
2026-02-19 06:00:00+00:00;3313.7;368.1;1025.3;694.7;3058.2;0.0;0.7;546.2;4083.8;1715.4
2026-02-19 07:00:00+00:00;3372.8;157.9;971.4;2732.0;7226.4;0.0;6.8;679.6;9443.2;2878.2
2026-02-19 08:00:00+00:00;3110.7;65.8;974.6;1398.3;8477.0;0.1;1.1;557.1;2877.3;592.9
2026-02-19 09:00:00+00:00;2935.7;23.9;959.8;76.2;12614.5;0.5;1.3;470.1;1522.4;319.0
2026-02-19 10:00:00+00:00;2951.3;7.5;977.7;2.0;16369.1;0.7;1.7;465.2;759.1;196.0
2026-02-19 11:00:00+00:00;2564.5;6.5;1059.7;93.6;16759.7;1.0;2.3;449.1;726.3;94.9
2026-02-19 12:00:00+00:00;2452.7;18.0;1008.9;80.7;12925.7;0.9;2.1;476.1;757.2;69.0
2026-02-19 13:00:00+00:00;2302.0;10.9;1034.7;6.4;7016.2;0.7;1.6;447.7;727.2;233.3
2026-02-19 14:00:00+00:00;2316.7;22.3;1116.0;1.5;1877.3;0.2;0.1;420.7;892.8;203.0
2026-02-19 15:00:00+00:00;2252.6;40.7;1123.2;66.3;1051.0;0.0;0.8;434.5;1800.5;584.2
2026-02-19 16:00:00+00:00;2554.4;63.7;1121.6;117.1;1558.6;0.0;0.4;432.2;2488.7;858.5
2026-02-19 17:00:00+00:00;2740.5;117.7;1111.8;115.7;1034.6;0.0;0.3;433.9;1116.6;421.0
2026-02-19 18:00:00+00:00;2639.1;361.2;1088.2;2.8;924.8;0.0;0.3;446.3;1024.2;562.8
2026-02-19 19:00:00+00:00;2521.9;318.3;1036.5;0.0;811.2;0.0;0.3;512.7;851.7;663.9
2026-02-19 20:00:00+00:00;2196.0;184.3;1069.8;0.2;661.4;0.0;1.1;507.5;793.2;270.7
2026-02-19 21:00:00+00:00;1954.1;161.6;1025.9;15.0;679.9;0.0;0.6;478.5;827.4;180.6
2026-02-19 22:00:00+00:00;1777.8;212.2;1011.4;3.4;663.8;0.0;0.4;425.6;156.3;9.8
2026-02-19 23:00:00+00:00;1541.9;199.1;1016.7;62.2;830.1;0.0;0.8;468.6;430.2;201.4
2026-02-20 00:00:00+00:00;1785.7;193.4;1031.4;2.0;743.5;0.0;0.0;464.7;450.9;113.4
2026-02-20 01:00:00+00:00;1838.3;217.1;1022.3;0.2;595.6;0.0;0.0;458.9;237.7;91.4
2026-02-20 02:00:00+00:00;1969.5;148.8;1040.0;0.6;708.6;0.0;0.2;435.5;368.8;57.6
2026-02-20 03:00:00+00:00;1913.2;65.5;1046.5;0.1;555.6;0.0;0.0;446.4;394.5;256.2
2026-02-20 04:00:00+00:00;1950.0;50.2;1043.8;62.9;1067.9;0.0;0.1;463.5;799.3;145.5
2026-02-20 05:00:00+00:00;1772.3;2.4;1029.3;26.8;1905.4;0.0;0.6;441.2;2097.5;426.0
2026-02-20 06:00:00+00:00;2009.7;29.2;994.8;18.4;1797.4;0.0;0.4;403.8;1088.2;113.3
2026-02-20 07:00:00+00:00;2187.6;49.7;960.7;79.0;4716.5;0.1;0.6;387.0;1709.5;427.2
2026-02-20 08:00:00+00:00;2191.8;146.1;926.6;41.8;10893.5;0.4;1.5;381.3;2450.0;1223.4
2026-02-20 09:00:00+00:00;2125.9;93.9;1017.6;178.8;18031.1;0.9;2.8;417.4;2338.8;759.9
2026-02-20 10:00:00+00:00;2112.0;112.9;986.9;14.5;23626.3;1.0;3.4;352.4;1655.8;353.2
2026-02-20 11:00:00+00:00;2046.9;144.2;1015.5;0.9;23555.5;1.0;3.5;308.3;1629.2;356.2
2026-02-20 12:00:00+00:00;2151.0;150.3;1016.6;0.3;15989.9;0.8;4.8;320.5;1633.8;371.8
2026-02-20 13:00:00+00:00;2321.0;155.3;1036.6;0.5;7210.1;0.4;1.4;363.9;1236.7;371.3
2026-02-20 14:00:00+00:00;2238.3;131.6;782.5;0.0;2069.1;0.2;1.1;384.3;1310.0;312.0
2026-02-20 15:00:00+00:00;2413.8;128.5;484.6;0.0;675.3;0.0;1.2;382.3;886.0;164.8
2026-02-20 16:00:00+00:00;2390.8;286.0;475.2;0.1;634.2;0.0;1.3;396.8;638.6;86.9
2026-02-20 17:00:00+00:00;2369.6;615.2;505.3;0.1;764.1;0.0;0.5;415.2;477.0;64.7
2026-02-20 18:00:00+00:00;1822.2;819.3;511.8;0.0;851.3;0.0;0.0;388.3;713.9;440.7
2026-02-20 19:00:00+00:00;1433.1;902.7;451.8;0.0;739.5;0.0;0.0;424.9;389.6;142.8
2026-02-20 20:00:00+00:00;1436.3;1016.1;394.7;0.4;1145.2;0.0;0.1;434.9;1700.6;1185.8
2026-02-20 21:00:00+00:00;1764.0;1002.6;375.7;0.0;978.3;0.0;0.1;399.4;1394.5;882.3
2026-02-20 22:00:00+00:00;1832.7;840.6;463.3;0.0;1015.6;0.0;0.1;382.4;2037.3;1141.7
2026-02-20 23:00:00+00:00;1861.7;891.8;461.7;0.5;1479.2;0.0;0.1;305.7;2808.6;1329.2
2026-02-21 00:00:00+00:00;1715.2;979.0;467.0;0.0;783.6;0.0;0.0;235.6;1114.7;455.4
2026-02-21 01:00:00+00:00;1582.8;1233.5;404.1;0.0;881.9;0.0;0.0;258.0;651.5;79.4
2026-02-21 02:00:00+00:00;1739.2;1292.8;415.6;0.0;925.0;0.0;0.0;274.4;1070.5;274.7
2026-02-21 03:00:00+00:00;1898.6;906.0;407.2;0.0;1129.3;0.0;0.0;308.3;2039.4;822.3
2026-02-21 04:00:00+00:00;1921.1;1182.4;444.1;0.0;918.7;0.0;0.1;267.7;1146.4;182.7
2026-02-21 05:00:00+00:00;1849.0;1138.4;504.7;0.1;988.2;0.0;0.1;276.8;936.4;165.8
2026-02-21 06:00:00+00:00;1858.2;947.0;501.1;0.2;999.9;0.0;0.1;266.1;677.1;85.3
2026-02-21 07:00:00+00:00;1867.5;835.5;500.3;0.3;1804.4;0.0;0.2;261.4;2077.0;758.1
2026-02-21 08:00:00+00:00;1740.9;670.3;517.2;0.1;1970.3;0.1;0.3;300.4;767.0;197.1
2026-02-21 09:00:00+00:00;1730.3;494.5;495.2;0.1;2103.7;0.1;0.9;305.6;594.8;96.3
2026-02-21 10:00:00+00:00;1910.8;437.4;425.9;0.2;2161.7;0.1;0.7;333.8;751.4;208.8
2026-02-21 11:00:00+00:00;1880.5;475.4;407.4;0.2;2087.0;0.1;0.4;305.7;848.3;284.7
2026-02-21 12:00:00+00:00;1891.4;501.3;404.2;0.1;1692.5;0.1;0.3;306.2;888.3;306.2
2026-02-21 13:00:00+00:00;1855.0;527.7;421.4;0.0;997.7;0.0;0.1;275.9;475.9;74.3
2026-02-21 14:00:00+00:00;1564.6;484.9;618.0;0.1;952.6;0.0;0.1;276.2;899.0;213.6
2026-02-21 15:00:00+00:00;1461.6;499.8;771.2;0.1;1027.0;0.0;0.4;285.4;1284.6;461.0
2026-02-21 16:00:00+00:00;1473.1;381.2;747.1;0.1;1174.1;0.0;0.7;326.3;1480.4;487.4
2026-02-21 17:00:00+00:00;1849.0;363.9;832.3;0.0;1014.8;0.0;0.6;310.3;1145.3;287.7
2026-02-21 18:00:00+00:00;1951.0;293.0;980.3;0.0;708.8;0.0;0.4;302.0;493.3;51.5
2026-02-21 19:00:00+00:00;1948.1;338.0;963.2;0.2;637.0;0.0;0.7;298.1;624.6;128.5
2026-02-21 20:00:00+00:00;1950.1;379.8;984.1;0.2;757.9;0.0;0.4;323.2;819.1;164.7
2026-02-21 21:00:00+00:00;1660.3;478.3;960.7;0.1;528.4;0.0;0.5;344.2;441.2;95.9
2026-02-21 22:00:00+00:00;1587.3;550.1;339.3;0.6;721.6;0.0;0.5;387.2;1198.8;651.4
2026-02-21 23:00:00+00:00;1631.4;604.9;343.9;0.0;1012.4;0.0;0.0;423.1;2118.9;1302.2
2026-02-22 00:00:00+00:00;1648.0;751.9;351.9;0.2;546.4;0.0;0.4;328.8;807.1;179.4
2026-02-22 01:00:00+00:00;1555.6;835.9;350.3;0.3;817.3;0.0;0.0;368.1;1435.8;265.5
2026-02-22 02:00:00+00:00;1545.7;961.0;366.5;0.2;949.5;0.0;0.0;511.8;2010.3;1000.6
2026-02-22 03:00:00+00:00;1627.7;892.5;340.0;0.4;862.2;0.0;0.0;526.8;1635.0;554.9
2026-02-22 04:00:00+00:00;1550.6;947.7;384.6;0.2;841.1;0.0;0.0;389.9;1719.5;704.9
2026-02-22 05:00:00+00:00;1507.0;854.9;488.5;0.2;552.5;0.0;0.1;347.7;598.0;48.6
2026-02-22 06:00:00+00:00;1549.4;821.1;451.2;0.6;873.0;0.0;0.1;350.3;1572.2;643.4
2026-02-22 07:00:00+00:00;1684.8;633.3;418.8;0.3;1535.5;0.0;0.2;381.9;1877.0;720.4
2026-02-22 08:00:00+00:00;1720.3;443.2;423.3;0.2;2695.8;0.0;0.2;358.4;1049.0;278.8
2026-02-22 09:00:00+00:00;1943.0;386.2;426.9;0.0;5024.9;0.1;0.1;385.8;1363.0;419.3
2026-02-22 10:00:00+00:00;1512.8;313.9;429.9;0.0;7913.7;0.2;0.1;406.2;869.5;100.7
2026-02-22 11:00:00+00:00;1511.3;168.1;429.7;0.0;11670.5;0.8;0.2;373.0;2856.5;792.0
2026-02-22 12:00:00+00:00;1701.9;116.0;424.6;0.2;11253.7;0.9;0.3;396.0;2274.0;659.3
2026-02-22 13:00:00+00:00;1999.4;118.5;404.3;0.2;7493.7;0.2;0.1;371.8;1642.0;574.1
2026-02-22 14:00:00+00:00;1943.7;219.8;402.8;0.0;2672.8;0.0;0.5;373.8;1206.9;499.6
2026-02-22 15:00:00+00:00;1839.3;181.4;401.7;0.3;796.7;0.0;0.6;366.6;676.3;220.9
2026-02-22 16:00:00+00:00;1786.2;113.8;403.6;0.3;994.7;0.0;0.8;392.1;1380.1;568.0
2026-02-22 17:00:00+00:00;1725.4;211.5;429.8;0.0;1109.5;0.0;0.4;401.3;1348.3;430.6
2026-02-22 18:00:00+00:00;1612.5;202.8;438.9;0.0;755.4;0.0;0.6;317.0;668.4;217.0
2026-02-22 19:00:00+00:00;1562.2;104.3;436.4;0.0;702.6;0.0;0.6;341.6;854.3;496.6
2026-02-22 20:00:00+00:00;1779.2;31.3;416.7;0.0;559.8;0.0;0.0;337.7;975.5;785.3
2026-02-22 21:00:00+00:00;1766.9;38.4;397.2;0.0;491.3;0.0;0.1;379.8;355.9;186.4
2026-02-22 22:00:00+00:00;1725.7;27.3;392.4;0.0;527.4;0.0;0.1;425.4;517.1;191.2
2026-02-22 23:00:00+00:00;1730.2;2.0;408.3;0.0;836.2;0.0;0.4;425.9;1081.2;282.6
2026-02-23 00:00:00+00:00;1822.8;0.2;396.0;0.0;463.4;0.0;0.8;459.9;254.9;29.3
2026-02-23 01:00:00+00:00;1809.8;0.2;377.0;0.0;411.0;0.0;0.1;427.6;453.3;144.2
2026-02-23 02:00:00+00:00;1822.0;8.6;431.5;0.0;555.5;0.0;0.1;455.8;715.6;384.6
2026-02-23 03:00:00+00:00;1822.4;15.6;502.4;0.2;734.2;0.0;0.1;483.6;902.0;461.1
2026-02-23 04:00:00+00:00;1955.6;6.4;537.6;0.1;1506.8;0.0;0.1;432.5;1562.8;264.7
2026-02-23 05:00:00+00:00;2461.9;4.2;528.1;0.2;1513.8;0.0;0.8;406.9;1086.0;185.3
2026-02-23 06:00:00+00:00;2420.4;17.1;499.5;3.5;1470.5;0.0;0.8;410.4;1812.9;993.1
2026-02-23 07:00:00+00:00;2400.2;25.5;474.3;27.7;3487.5;0.1;1.5;400.5;1225.6;213.4
2026-02-23 08:00:00+00:00;2464.1;5.5;479.3;38.6;6213.8;0.3;0.7;429.2;540.8;37.0
2026-02-23 09:00:00+00:00;2724.8;5.1;719.2;7.1;10365.6;0.4;3.1;465.4;763.8;70.5
2026-02-23 10:00:00+00:00;2937.5;4.4;649.7;29.3;12746.7;0.1;6.9;486.0;1126.2;103.1
2026-02-23 11:00:00+00:00;2992.7;4.8;868.0;1.2;12726.3;0.4;6.7;442.1;1461.6;219.0
2026-02-23 12:00:00+00:00;2649.6;2.2;789.6;12.9;10013.0;0.9;5.2;429.8;627.1;67.7
2026-02-23 13:00:00+00:00;2532.3;3.5;768.4;68.4;5343.7;0.4;1.2;306.0;1214.4;195.3
2026-02-23 14:00:00+00:00;2509.8;2.4;718.9;0.0;1778.7;0.0;0.5;345.3;1586.1;236.5
2026-02-23 15:00:00+00:00;2324.8;7.8;749.6;0.2;1005.5;0.0;1.8;372.7;2280.6;1326.1
2026-02-23 16:00:00+00:00;2289.6;12.8;699.6;0.2;875.3;0.0;3.4;406.3;3160.3;1320.4
2026-02-23 17:00:00+00:00;2559.5;10.1;701.3;48.0;689.6;0.0;4.5;429.2;1138.7;532.7
2026-02-23 18:00:00+00:00;2618.5;13.6;727.5;75.0;591.6;0.0;5.0;374.4;588.3;201.9
2026-02-23 19:00:00+00:00;2581.8;14.0;722.5;84.0;551.5;0.0;0.8;339.8;768.1;405.3
2026-02-23 20:00:00+00:00;2458.2;22.0;707.4;84.4;693.8;0.0;1.2;355.2;1025.9;276.6
2026-02-23 21:00:00+00:00;2160.4;0.2;722.6;87.1;507.8;0.0;0.9;334.7;592.2;392.8
2026-02-23 22:00:00+00:00;2177.8;17.5;720.1;84.4;934.8;0.0;1.0;307.7;1017.8;300.7
2026-02-23 23:00:00+00:00;1983.3;22.9;729.8;84.0;855.0;0.0;0.8;325.7;1569.5;730.1
2026-02-24 00:00:00+00:00;1718.8;10.3;770.0;84.0;502.9;0.0;0.4;312.8;1002.8;467.2
2026-02-24 01:00:00+00:00;1709.1;0.5;770.3;84.2;425.8;0.0;0.0;324.6;194.3;67.0
2026-02-24 02:00:00+00:00;1881.6;10.3;796.1;84.2;386.0;0.0;0.2;384.4;261.0;102.4
2026-02-24 03:00:00+00:00;1946.2;29.8;791.7;87.0;449.5;0.0;0.7;345.6;410.5;220.9
2026-02-24 04:00:00+00:00;2022.8;33.7;729.8;84.4;1040.5;0.0;0.7;329.4;1064.4;452.6
2026-02-24 05:00:00+00:00;2066.9;74.7;816.5;69.1;781.7;0.0;1.2;684.4;522.3;204.3
2026-02-24 06:00:00+00:00;2125.3;76.7;840.8;0.4;1136.7;0.0;0.8;851.5;622.5;364.0
2026-02-24 07:00:00+00:00;2285.0;80.9;819.5;0.0;3042.0;0.0;1.2;841.3;1117.7;469.0
2026-02-24 08:00:00+00:00;2312.8;41.1;738.0;0.2;6699.9;0.2;1.3;797.3;904.0;234.3
2026-02-24 09:00:00+00:00;2607.0;30.3;695.2;0.3;11430.5;1.5;1.9;797.3;758.4;170.8
2026-02-24 10:00:00+00:00;2456.7;35.2;658.4;0.8;15297.2;1.3;3.9;796.0;1075.5;179.6
2026-02-24 11:00:00+00:00;2435.5;49.9;687.8;1.0;16303.7;1.2;6.3;774.6;1054.2;269.0
2026-02-24 12:00:00+00:00;2531.6;70.4;636.6;0.7;13515.5;1.2;2.7;839.9;1197.2;233.4
2026-02-24 13:00:00+00:00;2201.1;94.0;708.1;0.4;7806.7;0.6;1.1;810.4;919.5;180.4
2026-02-24 14:00:00+00:00;2125.5;132.2;784.8;0.1;2552.6;0.0;0.6;316.5;530.3;121.9
2026-02-24 15:00:00+00:00;2153.7;133.0;769.4;0.0;830.4;0.0;0.1;351.7;722.4;159.8
2026-02-24 16:00:00+00:00;2636.9;72.6;764.4;0.1;1527.7;0.0;0.9;356.4;1693.8;520.0
2026-02-24 17:00:00+00:00;2913.5;71.0;765.1;0.1;1261.4;0.0;0.7;401.2;1817.6;333.8
2026-02-24 18:00:00+00:00;2794.7;52.7;747.3;0.4;778.3;0.0;0.7;415.1;679.9;193.6
2026-02-24 19:00:00+00:00;2774.0;35.3;801.5;0.2;567.2;0.0;0.4;416.7;378.0;139.0
2026-02-24 20:00:00+00:00;2262.7;62.4;826.2;0.2;549.6;0.0;0.1;397.1;529.3;184.6
2026-02-24 21:00:00+00:00;1791.1;59.3;760.9;0.2;652.5;0.0;1.1;393.1;508.9;208.7
2026-02-24 22:00:00+00:00;1785.6;63.5;772.0;0.2;525.3;0.0;0.0;393.3;635.5;143.1
2026-02-24 23:00:00+00:00;1906.8;47.3;799.8;0.0;697.5;0.0;0.8;363.3;1289.3;281.6
2026-02-25 00:00:00+00:00;2021.2;71.8;820.7;0.0;493.0;0.0;0.0;408.7;643.9;109.9
2026-02-25 01:00:00+00:00;2015.0;150.0;780.0;0.3;690.8;0.0;0.3;392.9;772.7;154.4
2026-02-25 02:00:00+00:00;2031.6;217.4;790.5;0.0;411.0;0.0;0.1;402.1;311.4;77.4
2026-02-25 03:00:00+00:00;1966.0;290.0;841.1;0.1;471.2;0.0;0.2;435.9;382.7;233.1
2026-02-25 04:00:00+00:00;2002.6;161.0;1112.3;0.2;968.8;0.0;0.1;424.1;1382.7;831.2
2026-02-25 05:00:00+00:00;1995.4;198.8;1109.2;0.3;1035.6;0.0;0.7;798.6;1388.2;394.0
2026-02-25 06:00:00+00:00;2213.8;251.6;1017.0;2.5;2180.2;0.2;1.1;843.2;2493.4;1595.4
2026-02-25 07:00:00+00:00;2086.0;300.9;910.3;149.0;6099.8;0.7;1.4;852.7;1107.5;362.4
2026-02-25 08:00:00+00:00;2093.8;165.8;784.4;5.3;12950.1;1.2;1.9;914.4;1122.4;193.0
2026-02-25 09:00:00+00:00;2213.6;141.4;863.1;0.7;20252.8;2.6;2.5;925.0;1098.4;147.9
2026-02-25 10:00:00+00:00;2030.1;372.2;663.6;1.6;24215.0;3.1;5.5;882.8;1480.0;367.6
2026-02-25 11:00:00+00:00;1897.6;132.0;664.6;1.7;20185.1;2.9;6.1;938.7;2120.3;434.9
2026-02-25 12:00:00+00:00;1990.4;307.3;716.0;1.2;11432.8;1.4;5.6;857.9;818.8;221.5
2026-02-25 13:00:00+00:00;2089.4;141.8;777.2;0.5;5446.0;1.0;1.8;459.4;2192.0;1243.6
2026-02-25 14:00:00+00:00;2172.8;167.0;587.3;0.1;1548.3;0.0;2.7;286.8;1063.9;420.6
2026-02-25 15:00:00+00:00;2055.4;389.3;420.1;0.1;764.1;0.0;0.7;304.5;1594.0;1648.6
2026-02-25 16:00:00+00:00;2012.1;743.0;434.2;0.3;627.9;0.0;0.5;289.6;455.8;475.9
2026-02-25 17:00:00+00:00;1781.8;881.2;437.7;0.0;522.6;0.0;4.6;232.9;397.6;88.5
2026-02-25 18:00:00+00:00;1557.4;784.0;460.4;0.0;481.5;0.0;5.5;267.0;274.3;13.3
2026-02-25 19:00:00+00:00;1575.7;892.2;433.7;0.0;541.0;0.0;5.1;274.3;823.5;145.2
2026-02-25 20:00:00+00:00;1877.1;1093.1;361.4;0.2;631.5;0.0;1.8;298.2;1234.1;598.7
2026-02-25 21:00:00+00:00;1901.2;1249.0;388.4;0.0;744.7;0.0;1.1;393.8;571.6;179.4
2026-02-25 22:00:00+00:00;1956.2;1059.4;414.6;0.4;843.7;0.0;0.4;378.2;989.6;472.8
2026-02-25 23:00:00+00:00;1910.0;707.8;412.1;0.0;858.6;0.0;0.6;394.1;812.8;63.9
2026-02-26 00:00:00+00:00;1808.2;1094.5;424.2;0.0;854.8;0.0;1.5;399.7;961.5;59.2
2026-02-26 01:00:00+00:00;1810.8;899.5;389.2;0.0;799.2;0.0;2.7;379.3;839.2;63.3
2026-02-26 02:00:00+00:00;1769.9;1052.2;404.3;0.2;769.2;0.0;2.4;365.0;1008.1;312.0
2026-02-26 03:00:00+00:00;1931.8;846.2;434.2;0.3;841.8;0.0;2.2;335.1;1151.7;456.0
2026-02-26 04:00:00+00:00;1766.8;734.1;725.0;0.1;907.0;0.0;1.4;308.4;1006.9;403.4
2026-02-26 05:00:00+00:00;1747.5;786.6;819.6;0.4;1110.3;0.0;0.7;314.9;1566.6;267.3
2026-02-26 06:00:00+00:00;1872.8;743.5;880.1;0.1;1281.3;0.0;2.5;357.4;1210.0;586.0
2026-02-26 07:00:00+00:00;1784.5;621.2;871.8;33.2;1600.3;0.0;2.0;404.7;1277.9;309.2
2026-02-26 08:00:00+00:00;1768.7;565.6;849.1;78.1;1853.7;0.0;1.2;436.6;1796.8;880.6
2026-02-26 09:00:00+00:00;1964.6;502.0;918.5;82.0;1795.2;0.1;0.7;437.1;1596.2;643.1
2026-02-26 10:00:00+00:00;2110.6;424.0;809.5;181.3;1652.2;0.6;0.4;447.0;1222.4;455.0
2026-02-26 11:00:00+00:00;2313.1;315.7;825.3;110.0;1324.5;1.1;0.3;418.9;1030.8;210.5
2026-02-26 12:00:00+00:00;2426.0;345.6;790.9;0.1;1150.8;0.0;0.1;423.7;670.6;295.0
2026-02-26 13:00:00+00:00;2477.4;328.5;818.9;0.0;1029.0;0.0;0.2;413.5;1181.4;825.9
2026-02-26 14:00:00+00:00;2241.6;386.9;819.2;0.2;1443.5;0.0;2.3;419.8;2274.2;1665.5
2026-02-26 15:00:00+00:00;2202.1;431.6;754.4;0.0;1034.4;0.0;2.2;371.7;1143.0;625.9
2026-02-26 16:00:00+00:00;2228.7;481.6;718.8;0.1;1048.6;0.0;2.0;369.9;920.3;284.6
2026-02-26 17:00:00+00:00;2318.4;442.7;703.2;0.3;916.6;0.0;1.9;352.9;715.4;181.0
2026-02-26 18:00:00+00:00;2069.3;446.5;678.5;0.2;682.4;0.0;1.4;302.2;597.0;650.3
2026-02-26 19:00:00+00:00;1823.8;511.7;698.2;0.1;701.8;0.0;0.2;335.9;900.9;374.1
2026-02-26 20:00:00+00:00;1676.5;529.4;736.8;84.1;678.3;0.0;4.0;384.1;712.4;365.1
2026-02-26 21:00:00+00:00;1721.6;560.0;731.4;81.2;676.6;0.0;3.5;386.3;506.6;288.0
2026-02-26 22:00:00+00:00;1728.9;652.0;747.3;84.3;702.5;0.0;1.3;411.5;837.2;208.8
2026-02-26 23:00:00+00:00;1741.0;679.0;747.8;81.1;922.9;0.0;0.7;405.7;1312.8;297.5
2026-02-27 00:00:00+00:00;1648.9;465.9;755.9;84.1;735.7;0.0;0.7;361.1;676.5;381.3
2026-02-27 01:00:00+00:00;1661.4;446.3;820.4;81.0;611.5;0.0;0.6;342.4;397.8;195.1
2026-02-27 02:00:00+00:00;1551.9;469.9;881.8;81.1;639.8;0.0;0.9;348.7;542.4;184.4
2026-02-27 03:00:00+00:00;1521.7;464.3;902.4;84.2;688.6;0.0;0.1;342.4;570.3;124.9
2026-02-27 04:00:00+00:00;1655.9;404.8;923.0;87.2;1040.0;0.0;0.1;323.6;1004.6;440.3
2026-02-27 05:00:00+00:00;2109.0;300.1;912.9;90.2;1087.8;0.0;0.8;307.1;1069.3;462.1
2026-02-27 06:00:00+00:00;2531.7;243.0;900.5;87.2;1393.2;0.0;3.5;299.2;1088.4;580.6
2026-02-27 07:00:00+00:00;2683.9;280.9;917.4;89.1;1821.9;0.0;3.8;312.8;1064.0;365.9
2026-02-27 08:00:00+00:00;2614.1;247.8;849.2;79.4;2784.8;0.1;2.7;345.0;994.5;112.7
2026-02-27 09:00:00+00:00;2542.3;234.3;926.8;81.2;3177.1;0.1;2.4;360.6;769.8;194.3
2026-02-27 10:00:00+00:00;2249.2;126.6;855.2;84.1;3367.3;0.7;2.1;350.6;753.1;151.6
2026-02-27 11:00:00+00:00;2275.5;94.5;851.3;72.3;3804.9;0.9;2.1;439.9;1170.6;145.1
2026-02-27 12:00:00+00:00;2588.3;98.4;924.2;75.4;3215.5;1.6;0.3;367.7;1100.8;594.8
2026-02-27 13:00:00+00:00;2651.1;84.3;932.6;69.2;2108.7;0.0;0.2;326.6;1425.2;1430.0
2026-02-27 14:00:00+00:00;2914.6;104.7;925.4;69.1;1132.2;0.0;1.6;309.3;799.0;382.2
2026-02-27 15:00:00+00:00;2999.2;98.3;906.1;75.2;1014.7;0.0;1.9;264.6;1645.9;392.9
2026-02-27 16:00:00+00:00;3009.9;137.1;880.7;81.2;764.5;0.0;0.2;275.3;810.0;227.7
2026-02-27 17:00:00+00:00;2604.4;120.8;873.5;81.1;683.1;0.0;0.3;311.7;1010.9;295.3
2026-02-27 18:00:00+00:00;2387.4;105.9;866.5;78.1;458.3;0.0;0.0;312.9;733.4;239.0
2026-02-27 19:00:00+00:00;2491.0;97.4;886.7;84.0;402.0;0.0;0.1;367.6;474.0;416.5
2026-02-27 20:00:00+00:00;2195.3;59.3;852.9;84.0;456.1;0.0;0.0;357.0;1438.6;827.1
2026-02-27 21:00:00+00:00;2221.2;23.0;857.5;87.1;507.8;0.0;0.1;406.2;492.8;239.1
2026-02-27 22:00:00+00:00;2293.6;11.1;834.0;84.2;557.8;0.0;0.6;406.7;583.1;205.0
2026-02-27 23:00:00+00:00;2337.0;10.0;846.8;84.1;790.6;0.0;1.8;373.8;839.8;566.5
2026-02-28 00:00:00+00:00;2436.2;15.0;813.2;87.1;613.5;0.0;0.1;374.8;560.4;263.8
2026-02-28 01:00:00+00:00;2300.8;21.1;731.9;84.1;527.8;0.0;1.6;406.3;380.1;253.9
2026-02-28 02:00:00+00:00;2430.5;14.5;745.9;84.0;501.4;0.0;0.2;357.0;368.8;217.0
2026-02-28 03:00:00+00:00;2548.4;21.1;741.9;84.2;524.0;0.0;0.2;388.4;368.2;410.8
2026-02-28 04:00:00+00:00;2485.9;4.3;768.5;81.2;709.9;0.0;0.1;367.9;1213.2;915.6
2026-02-28 05:00:00+00:00;2431.7;2.5;856.6;96.1;479.6;0.0;0.1;398.2;220.7;43.2
2026-02-28 06:00:00+00:00;2478.2;2.4;885.9;87.5;1447.3;0.1;0.3;350.9;1611.0;1099.0
2026-02-28 07:00:00+00:00;2757.1;2.3;912.4;102.2;3155.8;0.7;0.9;374.3;1081.1;439.0
2026-02-28 08:00:00+00:00;3298.4;55.9;926.0;9.3;6015.0;2.2;2.9;363.7;1093.7;355.4
2026-02-28 09:00:00+00:00;3251.2;67.6;901.6;0.4;7962.3;1.9;0.5;398.3;1040.4;281.3
2026-02-28 10:00:00+00:00;3279.2;156.9;899.9;0.6;9621.7;1.3;3.2;417.9;1162.7;283.8
2026-02-28 11:00:00+00:00;3094.9;195.9;913.6;0.9;8717.5;1.8;2.5;395.1;979.4;205.1
2026-02-28 12:00:00+00:00;3005.3;166.5;891.0;0.8;6666.1;0.8;2.1;439.9;993.3;244.1
2026-02-28 13:00:00+00:00;3053.4;238.4;862.3;0.6;4014.5;0.5;2.0;366.2;866.4;229.6
2026-02-28 14:00:00+00:00;3070.5;228.2;862.3;0.2;1718.3;0.1;0.2;317.2;1415.0;1001.4
2026-02-28 15:00:00+00:00;3142.3;293.0;960.4;0.1;859.9;0.0;1.8;337.3;1787.3;2441.4
2026-02-28 16:00:00+00:00;3201.9;311.0;964.9;67.3;1184.2;0.0;1.8;324.4;2539.3;2711.6
2026-02-28 17:00:00+00:00;3337.5;305.0;1010.6;1195.6;795.9;0.0;1.7;332.6;1708.0;613.3
2026-02-28 18:00:00+00:00;3422.0;415.0;1002.3;238.4;637.4;0.0;1.0;367.0;1632.7;629.7
2026-02-28 19:00:00+00:00;3079.0;599.0;953.8;200.5;581.2;0.0;0.3;379.0;2003.4;934.5
2026-02-28 20:00:00+00:00;3001.6;539.0;930.5;84.5;569.6;0.0;0.1;406.1;812.3;220.6
2026-02-28 21:00:00+00:00;3285.5;253.0;857.8;84.5;531.5;0.0;0.2;397.3;815.9;660.1
2026-02-28 22:00:00+00:00;3245.3;255.1;851.9;81.2;669.7;0.0;0.6;448.5;812.6;136.6
2026-02-28 23:00:00+00:00;3039.3;231.2;841.8;84.1;965.4;0.0;0.1;426.4;2125.1;1400.5
2026-03-01 00:00:00+00:00;2980.3;267.4;828.9;87.1;602.0;0.0;0.5;395.7;311.3;99.4
2026-03-01 01:00:00+00:00;2859.7;353.8;731.7;90.1;655.4;0.0;0.2;428.9;384.9;182.0
2026-03-01 02:00:00+00:00;2913.9;253.0;758.7;87.4;847.9;0.0;0.5;486.5;1274.4;796.9
2026-03-01 03:00:00+00:00;3251.7;142.5;730.1;87.2;840.2;0.0;0.4;572.3;973.0;362.5
2026-03-01 04:00:00+00:00;3275.0;129.6;756.5;84.3;1082.9;0.0;2.1;530.5;940.7;152.3
2026-03-01 05:00:00+00:00;3168.1;114.7;831.4;81.2;866.7;0.0;1.7;492.9;714.6;152.9
2026-03-01 06:00:00+00:00;3175.9;53.6;817.8;76.6;1466.3;0.3;0.3;602.3;1567.0;228.4
2026-03-01 07:00:00+00:00;3054.5;71.1;808.4;73.1;2628.7;0.8;0.4;548.2;1399.5;391.6
2026-03-01 08:00:00+00:00;2992.7;179.1;812.8;79.0;3838.0;1.8;0.6;477.2;1295.3;870.8
2026-03-01 09:00:00+00:00;2907.3;154.0;816.0;91.3;4533.1;1.3;0.7;513.4;665.1;178.4
2026-03-01 10:00:00+00:00;3161.1;56.3;785.3;88.4;5506.4;0.9;0.4;570.0;1966.4;609.8
2026-03-01 11:00:00+00:00;3254.0;35.3;803.1;75.7;4893.3;0.6;0.7;531.0;941.3;374.1
2026-03-01 12:00:00+00:00;3367.7;37.8;789.5;72.5;3550.4;0.7;0.3;480.0;675.5;122.8
2026-03-01 13:00:00+00:00;3370.7;67.0;763.8;72.2;1746.2;0.2;0.1;359.6;461.1;164.5
2026-03-01 14:00:00+00:00;3281.5;72.6;754.9;72.0;811.7;0.0;0.1;309.2;540.6;463.6
2026-03-01 15:00:00+00:00;3201.5;42.9;795.6;72.1;643.8;0.0;0.1;309.2;445.0;236.4
2026-03-01 16:00:00+00:00;3169.6;3.4;882.3;72.1;832.5;0.0;1.8;291.6;969.0;901.2
2026-03-01 17:00:00+00:00;3025.1;9.5;873.7;72.1;872.2;0.0;0.7;267.1;991.7;868.7
2026-03-01 18:00:00+00:00;3077.2;35.6;870.9;69.1;640.1;0.0;0.3;276.3;806.6;642.7
2026-03-01 19:00:00+00:00;3220.6;31.0;873.7;69.4;492.9;0.0;0.0;311.1;523.0;389.3
2026-03-01 20:00:00+00:00;3277.5;40.4;851.3;75.2;452.8;0.0;0.1;311.6;331.6;201.9
2026-03-01 21:00:00+00:00;3223.5;46.4;882.7;84.1;439.0;0.0;0.1;313.3;549.3;587.0
2026-03-01 22:00:00+00:00;3239.9;33.9;878.8;81.1;387.1;0.0;0.6;313.2;185.6;140.9
2026-03-01 23:00:00+00:00;3280.7;15.1;911.3;81.1;603.5;0.0;0.0;364.9;733.5;421.8
2026-03-02 00:00:00+00:00;3346.0;17.4;950.5;0.2;514.6;0.0;0.1;327.6;511.1;149.9
2026-03-02 01:00:00+00:00;3141.2;37.4;940.6;0.1;421.5;0.0;0.2;289.8;291.9;261.9
2026-03-02 02:00:00+00:00;3079.5;35.1;974.5;0.3;558.7;0.0;0.1;312.2;578.8;271.0
2026-03-02 03:00:00+00:00;2961.3;35.8;1009.5;0.3;516.2;0.0;0.1;334.6;346.4;82.3
2026-03-02 04:00:00+00:00;2908.2;58.2;1048.7;0.2;819.1;0.0;0.4;320.0;1022.0;674.6
2026-03-02 05:00:00+00:00;2922.6;61.9;948.4;0.1;691.1;0.0;0.4;371.4;969.7;954.5
2026-03-02 06:00:00+00:00;3679.1;82.1;737.3;0.0;1848.2;0.0;5.1;377.5;1650.8;1124.8
2026-03-02 07:00:00+00:00;4016.3;81.9;596.4;0.2;3794.9;0.2;3.2;400.5;1660.7;582.8
2026-03-02 08:00:00+00:00;4084.3;68.7;562.2;0.2;6953.5;0.5;0.7;383.0;920.0;568.5
2026-03-02 09:00:00+00:00;4184.4;47.6;616.1;0.9;11627.1;1.1;0.7;376.0;1254.6;171.3
2026-03-02 10:00:00+00:00;4055.9;43.4;662.7;0.9;15651.8;2.3;2.3;420.7;904.7;54.6
2026-03-02 11:00:00+00:00;4084.3;29.5;720.2;0.5;17791.7;3.0;1.2;377.8;1148.7;234.5
2026-03-02 12:00:00+00:00;4006.6;19.3;751.8;2.8;18281.7;3.0;0.5;401.6;1315.8;221.0
2026-03-02 13:00:00+00:00;3943.3;12.1;738.6;3.4;13663.1;2.6;2.6;322.5;1486.1;723.6
2026-03-02 14:00:00+00:00;3908.8;1.6;696.4;1.7;5061.3;1.3;0.3;301.5;1178.9;546.8
2026-03-02 15:00:00+00:00;4010.4;0.4;709.3;0.2;951.2;0.0;0.2;356.1;830.7;269.9
2026-03-02 16:00:00+00:00;4036.5;1.2;718.2;0.2;1148.2;0.0;2.7;395.0;1229.6;934.5
2026-03-02 17:00:00+00:00;3732.0;1.0;758.5;0.1;1333.0;0.0;2.4;383.7;1381.4;915.6
2026-03-02 18:00:00+00:00;3623.4;13.8;797.6;0.0;863.0;0.0;2.4;378.3;872.2;715.4
2026-03-02 19:00:00+00:00;3840.4;78.2;779.1;0.2;735.0;0.0;0.4;379.7;966.1;544.1
2026-03-02 20:00:00+00:00;3745.8;211.3;774.5;0.4;1191.3;0.0;3.0;422.4;1471.8;632.5
2026-03-02 21:00:00+00:00;3440.3;454.5;743.1;0.2;754.8;0.0;0.9;466.9;1108.3;392.3
2026-03-02 22:00:00+00:00;3302.2;392.2;740.0;0.2;852.6;0.0;0.9;451.4;1194.8;428.6
2026-03-02 23:00:00+00:00;3218.7;362.6;723.2;0.0;1136.8;0.0;3.0;456.9;1078.5;470.1
2026-03-03 00:00:00+00:00;3207.0;358.6;739.7;0.1;789.2;0.0;1.4;452.9;860.3;657.6
2026-03-03 01:00:00+00:00;3438.4;381.6;724.3;0.1;741.3;0.0;0.7;473.4;950.5;395.3
2026-03-03 02:00:00+00:00;3415.8;386.3;779.9;0.0;536.7;0.0;0.4;495.0;464.2;108.9
2026-03-03 03:00:00+00:00;3402.9;499.8;690.6;0.1;550.6;0.0;0.1;499.5;696.6;98.7
2026-03-03 04:00:00+00:00;3388.8;621.7;476.9;0.4;658.8;0.0;0.0;443.6;606.2;511.0
2026-03-03 05:00:00+00:00;3356.3;1095.1;489.7;0.2;916.2;0.0;0.1;407.1;1196.9;1026.5
2026-03-03 06:00:00+00:00;3717.6;1595.7;473.4;200.1;2162.8;0.5;1.3;347.0;1600.7;486.7
2026-03-03 07:00:00+00:00;3798.2;1599.6;424.2;86.1;3989.1;1.1;2.9;345.4;1354.2;263.7
2026-03-03 08:00:00+00:00;3832.6;1404.7;438.3;1.1;5367.3;1.5;2.2;310.3;2654.1;1739.4
2026-03-03 09:00:00+00:00;4038.7;1461.8;413.8;0.8;5776.6;2.0;1.7;283.0;1373.4;574.6
2026-03-03 10:00:00+00:00;3905.2;1307.2;392.2;26.6;6601.9;2.2;1.6;243.8;1373.9;556.5
2026-03-03 11:00:00+00:00;4038.6;1370.5;353.9;0.7;6745.7;1.7;1.6;235.0;1788.7;1094.4
2026-03-03 12:00:00+00:00;4097.8;856.8;327.4;1.4;4497.4;0.9;1.3;260.8;1043.9;300.5
2026-03-03 13:00:00+00:00;4091.0;989.9;331.8;0.6;2125.8;0.1;1.3;266.2;872.5;91.2
2026-03-03 14:00:00+00:00;4096.6;696.9;331.5;1.5;1137.3;0.0;1.6;291.4;1218.3;542.8
2026-03-03 15:00:00+00:00;3652.9;749.8;306.0;0.1;788.3;0.0;2.7;284.8;1127.6;228.3
2026-03-03 16:00:00+00:00;3759.9;865.4;302.5;0.3;818.7;0.0;0.1;253.2;1797.3;1180.7
2026-03-03 17:00:00+00:00;3895.7;798.4;297.3;0.0;604.1;0.0;0.0;219.5;853.6;155.0
2026-03-03 18:00:00+00:00;4035.8;529.8;325.4;0.0;574.5;0.0;0.0;232.3;957.8;127.8
2026-03-03 19:00:00+00:00;3979.8;424.5;312.6;0.0;509.8;0.0;0.1;222.2;1129.4;67.1
2026-03-03 20:00:00+00:00;3939.2;245.4;279.8;0.0;435.9;0.0;0.1;248.3;982.2;20.7
2026-03-03 21:00:00+00:00;3819.2;267.2;275.6;0.0;393.3;0.0;0.0;237.4;524.2;9.8
2026-03-03 22:00:00+00:00;3732.4;355.7;278.7;0.3;649.3;0.0;0.1;301.2;802.3;185.1
2026-03-03 23:00:00+00:00;3643.6;257.3;266.3;0.0;551.1;0.0;0.0;225.1;1077.3;971.8
2026-03-04 00:00:00+00:00;3904.7;196.3;262.5;0.0;466.1;0.0;0.0;276.5;732.3;589.3
2026-03-04 01:00:00+00:00;3927.3;128.2;258.8;0.0;458.9;0.0;0.0;257.2;664.9;266.3
2026-03-04 02:00:00+00:00;3922.5;185.0;293.4;0.1;681.9;0.0;0.1;287.9;1791.4;1417.6
2026-03-04 03:00:00+00:00;3927.8;253.3;334.1;0.3;553.2;0.0;0.1;321.7;1285.4;885.6
2026-03-04 04:00:00+00:00;3821.4;285.7;362.9;0.2;705.1;0.0;0.0;308.9;1856.9;1574.6
2026-03-04 05:00:00+00:00;3719.2;449.6;357.4;98.8;903.6;0.0;0.4;321.6;674.6;110.1
2026-03-04 06:00:00+00:00;3682.2;495.1;353.1;0.1;7308.4;0.6;0.6;307.7;1511.2;138.4
2026-03-04 07:00:00+00:00;3822.3;601.1;343.1;0.4;19823.3;1.2;1.5;270.7;2123.2;177.4
2026-03-04 08:00:00+00:00;3884.5;660.0;327.6;1.9;39333.3;6.1;2.8;241.4;2653.8;130.4
2026-03-04 09:00:00+00:00;3976.3;820.4;324.3;3.4;57202.5;7.8;4.8;273.9;3773.1;972.7
2026-03-04 10:00:00+00:00;3793.5;763.4;328.6;3.3;61204.5;7.0;5.0;319.2;4231.7;103.6
2026-03-04 11:00:00+00:00;3900.2;677.6;324.9;4.7;46017.3;5.7;2.7;302.5;4108.1;477.0
2026-03-04 12:00:00+00:00;4003.5;639.9;334.2;1.1;24116.9;4.3;1.4;289.9;2866.7;432.5
2026-03-04 13:00:00+00:00;4137.7;683.9;323.9;9.2;14162.7;3.1;1.4;298.7;2213.7;212.0
2026-03-04 14:00:00+00:00;4100.4;903.8;324.2;58.2;5874.2;1.4;0.4;291.4;2358.7;684.7
2026-03-04 15:00:00+00:00;3922.5;907.2;311.3;0.2;1750.6;0.2;0.2;261.0;3646.9;1948.7
2026-03-04 16:00:00+00:00;3791.0;928.1;305.0;0.0;880.7;0.0;0.1;272.7;2160.2;767.0
2026-03-04 17:00:00+00:00;3799.9;938.2;297.9;0.0;705.0;0.0;0.2;280.4;1470.1;402.3
2026-03-04 18:00:00+00:00;4051.3;818.2;301.6;0.1;768.2;0.0;0.9;264.4;1494.3;573.7
2026-03-04 19:00:00+00:00;4268.1;597.6;315.0;0.0;570.6;0.0;0.9;234.2;1301.0;386.1
2026-03-04 20:00:00+00:00;4291.1;597.5;277.6;0.0;830.1;0.0;0.4;276.0;1397.7;362.7
2026-03-04 21:00:00+00:00;4233.4;446.8;265.7;0.2;712.3;0.0;0.5;324.4;1319.7;153.4
2026-03-04 22:00:00+00:00;4286.2;435.4;290.3;0.2;508.9;0.0;0.1;338.5;788.1;67.7
2026-03-04 23:00:00+00:00;4330.2;330.7;360.9;0.2;467.1;0.0;0.0;346.8;586.3;208.5
2026-03-05 00:00:00+00:00;4076.2;359.4;318.2;0.0;463.3;0.0;0.0;387.3;512.0;150.8
2026-03-05 01:00:00+00:00;3832.4;272.8;264.1;0.0;422.0;0.0;0.0;365.9;284.1;152.7
2026-03-05 02:00:00+00:00;3980.6;233.6;312.1;0.2;445.0;0.0;0.7;384.6;478.7;464.1
2026-03-05 03:00:00+00:00;4109.0;210.6;363.4;0.2;459.4;0.0;0.9;380.0;393.2;97.0
2026-03-05 04:00:00+00:00;4270.6;185.7;387.6;0.1;648.0;0.0;0.2;380.7;857.2;698.9
2026-03-05 05:00:00+00:00;4288.6;201.2;513.6;0.0;1208.2;0.0;0.1;466.9;784.5;236.7
2026-03-05 06:00:00+00:00;4836.6;125.6;962.5;0.1;11007.2;1.0;1.7;470.7;2106.1;588.7
2026-03-05 07:00:00+00:00;5070.3;72.2;1021.9;0.5;36158.5;4.4;5.3;406.5;3189.6;407.5
2026-03-05 08:00:00+00:00;5071.2;86.4;898.2;6.5;75500.5;10.0;5.8;330.7;4887.4;905.0
2026-03-05 09:00:00+00:00;5341.5;77.0;941.4;3.2;109910.3;12.9;8.8;345.0;6898.9;1820.5
2026-03-05 10:00:00+00:00;5321.5;96.5;857.4;42.5;128673.5;14.4;7.5;340.4;6140.7;584.8
2026-03-05 11:00:00+00:00;5205.7;182.9;821.8;134.4;121587.6;14.9;8.4;318.2;6147.3;404.0
2026-03-05 12:00:00+00:00;5167.7;169.4;707.5;124.6;91988.3;13.2;5.8;311.8;5176.0;617.7
2026-03-05 13:00:00+00:00;5074.1;141.2;719.4;123.7;51355.4;5.5;3.4;313.9;4213.8;1471.4
2026-03-05 14:00:00+00:00;5149.6;95.8;726.6;50.1;14295.0;1.2;5.8;290.3;2093.7;685.6
2026-03-05 15:00:00+00:00;5235.5;87.8;695.0;0.3;1973.0;0.1;2.6;283.7;1629.6;803.7
2026-03-05 16:00:00+00:00;5445.7;40.4;687.9;0.2;1900.1;0.0;3.6;327.1;1801.9;765.1
2026-03-05 17:00:00+00:00;5499.2;99.5;719.5;0.0;1183.2;0.0;3.1;332.0;969.4;333.7
2026-03-05 18:00:00+00:00;5592.2;198.8;715.6;0.1;918.3;0.0;2.1;363.5;738.9;298.0
2026-03-05 19:00:00+00:00;5322.0;164.9;477.9;0.0;844.5;0.0;0.9;393.7;656.8;434.0
2026-03-05 20:00:00+00:00;5339.7;194.8;269.4;0.3;761.9;0.0;0.8;454.5;669.7;590.1
2026-03-05 21:00:00+00:00;4330.6;223.0;277.7;0.1;658.8;0.0;0.5;456.1;804.2;909.5
2026-03-05 22:00:00+00:00;3986.1;413.7;292.3;0.1;531.4;0.0;0.7;466.9;616.2;569.6
2026-03-05 23:00:00+00:00;3991.8;425.1;285.4;0.0;1023.8;0.0;2.0;444.8;1309.4;1101.5
2026-03-06 00:00:00+00:00;3957.5;417.2;284.2;0.2;602.6;0.0;0.2;442.9;581.1;364.3
2026-03-06 01:00:00+00:00;3975.2;567.6;264.0;0.1;569.6;0.0;0.2;427.3;663.0;429.6
2026-03-06 02:00:00+00:00;3962.2;712.0;290.3;0.1;498.3;0.0;0.1;455.7;424.3;349.3
2026-03-06 03:00:00+00:00;3870.3;772.5;321.7;0.0;472.5;0.0;0.1;480.7;357.3;209.2
2026-03-06 04:00:00+00:00;3795.7;1053.9;329.7;0.0;716.1;0.0;0.1;436.5;976.1;995.8
2026-03-06 05:00:00+00:00;3706.4;1365.0;398.2;0.0;1282.5;0.1;0.2;458.6;445.4;635.4
2026-03-06 06:00:00+00:00;3658.3;1210.7;386.2;0.2;11217.5;0.9;1.3;430.9;796.1;259.5
2026-03-06 07:00:00+00:00;3700.0;1089.3;329.3;52.5;40933.1;3.5;3.3;338.1;1457.4;202.2
2026-03-06 08:00:00+00:00;3873.9;1044.2;344.3;14.4;85539.8;10.5;4.6;271.0;3053.7;220.3
2026-03-06 09:00:00+00:00;4047.6;597.8;301.2;32.4;128698.3;15.5;7.6;292.1;5438.7;484.8
2026-03-06 10:00:00+00:00;4028.3;758.1;235.5;29.6;151735.0;20.6;15.2;368.6;6503.8;855.6
2026-03-06 11:00:00+00:00;4012.1;745.6;263.2;17.9;145195.9;17.1;16.0;375.2;6688.7;648.2
2026-03-06 12:00:00+00:00;4072.9;656.2;326.9;13.2;112042.4;13.5;15.8;374.6;5193.4;430.2
2026-03-06 13:00:00+00:00;4063.7;396.2;319.4;6.0;64875.0;8.4;9.8;366.9;3399.3;260.7
2026-03-06 14:00:00+00:00;4168.1;474.3;298.7;0.7;22699.1;2.4;2.9;371.1;3336.4;1467.9
2026-03-06 15:00:00+00:00;4105.4;453.9;267.6;0.1;2826.8;0.4;0.4;297.9;794.1;343.2
2026-03-06 16:00:00+00:00;4142.9;827.4;261.6;0.0;1333.2;0.0;0.8;251.9;1506.6;560.5
2026-03-06 17:00:00+00:00;4168.8;867.3;255.2;0.0;1666.5;0.0;2.0;315.4;1410.8;414.9
2026-03-06 18:00:00+00:00;4185.9;584.1;256.4;0.1;1418.2;0.0;3.4;357.6;509.5;356.6
2026-03-06 19:00:00+00:00;4182.8;577.6;271.1;0.2;1432.9;0.0;5.2;355.9;420.2;135.9
2026-03-06 20:00:00+00:00;3953.8;470.1;240.6;0.1;1738.4;0.0;2.4;410.5;1245.8;563.4
2026-03-06 21:00:00+00:00;3852.2;738.7;237.4;0.0;1258.3;0.0;1.9;370.4;582.4;262.3
2026-03-06 22:00:00+00:00;3885.3;751.8;275.8;0.2;1505.9;0.0;0.0;330.5;1107.6;651.5
2026-03-06 23:00:00+00:00;3865.2;384.8;292.2;0.0;1177.8;0.0;1.2;371.5;293.8;144.9
2026-03-07 00:00:00+00:00;4033.4;501.7;291.4;0.2;1311.1;0.0;1.0;394.4;350.3;113.7
2026-03-07 01:00:00+00:00;4102.1;691.8;286.2;0.1;1122.5;0.0;0.8;423.1;467.1;224.5
2026-03-07 02:00:00+00:00;4115.5;907.6;307.1;0.1;947.1;0.0;0.5;419.3;385.3;209.3
2026-03-07 03:00:00+00:00;4012.5;377.6;328.2;0.4;888.9;0.0;0.3;449.1;1081.1;624.7
2026-03-07 04:00:00+00:00;3917.5;365.1;375.6;0.1;979.7;0.0;0.5;441.6;1346.9;818.8
2026-03-07 05:00:00+00:00;3849.9;415.4;464.7;0.1;2091.8;0.0;1.2;431.0;846.1;399.9
2026-03-07 06:00:00+00:00;4012.7;202.6;417.0;0.4;12719.4;1.1;4.5;392.1;903.4;219.2
2026-03-07 07:00:00+00:00;4195.4;188.0;310.9;1.7;47421.8;6.3;5.7;330.6;2074.5;338.0
2026-03-07 08:00:00+00:00;4473.4;649.8;259.4;6.5;99583.4;12.6;10.2;326.0;3884.7;423.5
2026-03-07 09:00:00+00:00;4479.7;468.2;311.8;25.2;149345.5;21.6;16.1;371.4;10339.2;2340.3
2026-03-07 10:00:00+00:00;4369.3;437.2;276.7;36.6;176655.1;25.4;16.8;366.5;6311.5;386.4
2026-03-07 11:00:00+00:00;4501.7;530.2;276.7;32.5;172382.5;24.7;13.6;368.0;6498.3;266.5
2026-03-07 12:00:00+00:00;4506.5;524.4;298.2;29.0;141503.9;21.7;12.4;375.3;6502.7;735.6
2026-03-07 13:00:00+00:00;4452.2;689.9;276.8;15.2;89150.3;12.9;7.3;364.7;4624.9;632.9
2026-03-07 14:00:00+00:00;4440.0;642.9;332.2;1.7;33309.2;3.8;2.4;317.7;2709.7;677.3
2026-03-07 15:00:00+00:00;4534.2;534.5;344.0;0.0;4499.8;0.7;1.6;324.4;691.9;168.5
2026-03-07 16:00:00+00:00;4452.4;334.0;282.7;0.0;1035.9;0.0;1.6;396.2;604.5;231.3
2026-03-07 17:00:00+00:00;4103.2;488.1;243.8;0.1;814.2;0.0;1.8;374.5;250.0;81.3
2026-03-07 18:00:00+00:00;3889.7;600.3;213.6;0.0;703.3;0.0;0.7;338.4;252.3;128.7
2026-03-07 19:00:00+00:00;3743.5;902.6;221.7;0.0;781.4;0.0;0.8;352.9;268.6;94.3
2026-03-07 20:00:00+00:00;3903.7;500.0;233.0;0.1;701.0;0.0;1.4;400.5;487.9;199.0
2026-03-07 21:00:00+00:00;4048.2;422.9;223.2;0.1;523.4;0.0;0.7;437.2;471.3;257.7
2026-03-07 22:00:00+00:00;4078.1;495.4;226.8;0.2;503.7;0.0;0.9;418.9;607.6;438.6
2026-03-07 23:00:00+00:00;4053.8;567.2;243.2;0.0;700.4;0.0;0.5;379.0;883.9;310.3
2026-03-08 00:00:00+00:00;4048.4;548.4;235.8;0.1;729.6;0.0;1.1;339.6;1116.9;583.6
2026-03-08 01:00:00+00:00;4002.5;406.0;213.8;0.0;561.7;0.0;0.5;298.6;585.8;275.4
2026-03-08 02:00:00+00:00;3999.6;404.8;235.6;0.0;506.7;0.0;1.0;331.3;548.5;242.1
2026-03-08 03:00:00+00:00;4009.3;354.2;278.0;0.0;574.0;0.0;1.1;327.1;651.9;354.3
2026-03-08 04:00:00+00:00;3983.0;348.2;385.9;0.0;584.9;0.0;0.5;319.9;364.6;105.9
2026-03-08 05:00:00+00:00;3803.5;471.2;446.0;0.1;1241.6;0.2;1.3;290.1;376.2;69.9
2026-03-08 06:00:00+00:00;3773.5;793.6;454.0;1.2;8479.5;1.4;1.4;339.4;1505.2;136.5
2026-03-08 07:00:00+00:00;3797.8;896.9;447.4;1.4;25675.3;3.6;4.3;366.7;2383.4;228.4
2026-03-08 08:00:00+00:00;3966.1;690.1;457.2;2.1;54359.0;7.1;6.2;387.1;2982.6;648.9
2026-03-08 09:00:00+00:00;3920.9;877.0;439.0;3.9;98659.3;11.1;8.2;443.4;3916.8;365.1
2026-03-08 10:00:00+00:00;3882.4;746.0;419.7;9.3;136618.1;12.7;7.5;471.2;5659.7;680.9
2026-03-08 11:00:00+00:00;3908.9;820.0;409.3;14.2;149453.6;19.0;7.6;451.5;6314.8;728.1
2026-03-08 12:00:00+00:00;4252.6;829.7;356.9;17.8;125828.4;21.5;6.2;547.6;5502.3;182.0
2026-03-08 13:00:00+00:00;4449.2;686.8;332.2;8.0;75518.3;9.9;6.2;592.3;4395.6;235.1
2026-03-08 14:00:00+00:00;4474.0;380.3;380.5;0.8;26846.1;3.4;3.3;568.4;3522.7;867.4
2026-03-08 15:00:00+00:00;4409.2;428.5;393.5;0.1;4009.6;0.3;1.9;467.7;766.0;519.6
2026-03-08 16:00:00+00:00;4452.2;602.9;416.1;0.1;961.0;0.0;2.8;559.4;527.6;270.3
2026-03-08 17:00:00+00:00;4282.9;565.1;355.8;0.1;993.0;0.0;2.1;477.0;826.3;165.4
2026-03-08 18:00:00+00:00;4570.3;510.4;364.0;0.1;821.7;0.0;1.9;454.4;773.0;53.5
2026-03-08 19:00:00+00:00;4249.1;579.8;384.9;0.1;630.6;0.0;0.0;544.7;309.5;17.7
2026-03-08 20:00:00+00:00;4192.9;555.0;409.6;0.0;830.7;0.0;0.3;560.7;810.0;311.3
2026-03-08 21:00:00+00:00;4015.6;684.8;350.9;0.0;679.4;0.0;0.4;440.5;296.8;292.0
2026-03-08 22:00:00+00:00;4000.1;804.0;330.7;0.1;646.7;0.0;1.1;473.6;503.5;268.9
2026-03-08 23:00:00+00:00;4011.5;833.6;289.6;0.0;662.5;0.0;0.5;475.4;556.8;183.2
2026-03-09 00:00:00+00:00;3982.2;750.2;327.5;0.0;836.2;0.0;0.5;508.8;988.6;756.7
2026-03-09 01:00:00+00:00;3853.6;805.6;340.5;0.0;720.7;0.0;0.5;492.3;520.2;297.2
2026-03-09 02:00:00+00:00;3857.2;509.5;392.6;0.2;659.5;0.0;0.3;565.4;432.6;145.1
2026-03-09 03:00:00+00:00;4008.1;365.8;435.9;0.3;711.6;0.0;0.1;486.6;593.6;201.0
2026-03-09 04:00:00+00:00;3958.2;208.0;457.2;0.0;627.1;0.0;0.3;351.0;863.9;784.6
2026-03-09 05:00:00+00:00;4449.1;186.9;526.6;0.1;1252.5;0.0;0.5;368.2;488.5;128.5
2026-03-09 06:00:00+00:00;4751.6;145.3;754.0;73.4;5777.2;0.4;2.3;378.3;923.6;304.1
2026-03-09 07:00:00+00:00;4904.3;236.8;798.7;873.8;13284.1;2.0;4.1;354.4;1065.0;381.2
2026-03-09 08:00:00+00:00;4879.3;118.5;783.0;903.4;18482.5;2.6;5.0;338.8;1674.2;661.3
2026-03-09 09:00:00+00:00;4805.8;103.2;737.9;3.3;23476.4;1.9;7.8;401.8;1184.3;599.0
2026-03-09 10:00:00+00:00;4790.9;132.8;305.2;2.3;26833.7;2.5;8.5;400.6;2012.9;1105.1
2026-03-09 11:00:00+00:00;4844.9;169.3;262.3;3.8;26472.3;3.7;10.5;471.7;1859.9;940.0
2026-03-09 12:00:00+00:00;4990.0;179.1;277.7;2.5;20031.9;2.7;2.7;457.4;951.2;358.2
2026-03-09 13:00:00+00:00;4796.1;366.3;327.7;3.3;16628.1;2.6;2.4;447.7;1151.9;495.3
2026-03-09 14:00:00+00:00;5084.7;311.6;351.1;0.8;8451.3;1.6;1.9;482.2;1456.3;549.5
2026-03-09 15:00:00+00:00;5214.0;364.2;436.6;0.1;2191.9;0.4;2.4;510.2;1131.4;634.4
2026-03-09 16:00:00+00:00;5694.4;428.8;295.0;0.0;1618.5;0.0;4.2;498.6;1583.4;590.1
2026-03-09 17:00:00+00:00;5793.1;648.6;317.2;0.0;4156.4;0.0;8.8;646.3;4235.7;1078.5
2026-03-09 18:00:00+00:00;5741.0;697.7;337.1;0.0;1873.3;0.0;1.8;541.3;2102.0;1122.7
2026-03-09 19:00:00+00:00;5710.8;650.5;297.5;0.0;848.0;0.0;2.8;402.5;608.7;193.7
2026-03-09 20:00:00+00:00;4888.7;742.3;250.5;0.1;536.1;0.0;1.0;384.2;336.4;176.8
2026-03-09 21:00:00+00:00;4704.1;851.9;243.5;0.0;527.6;0.0;0.2;399.7;483.1;176.2
2026-03-09 22:00:00+00:00;4973.8;945.5;241.1;0.2;531.4;0.0;0.1;415.1;379.9;240.2
2026-03-09 23:00:00+00:00;4962.7;1195.4;249.4;0.0;677.7;0.0;0.3;439.3;658.5;537.6
2026-03-10 00:00:00+00:00;5017.6;1131.6;245.4;0.1;868.4;0.0;0.0;455.5;604.8;458.2
2026-03-10 01:00:00+00:00;5125.2;1490.8;218.1;0.0;943.6;0.0;0.0;452.8;477.3;276.7
2026-03-10 02:00:00+00:00;5227.1;1323.0;263.2;0.0;854.7;0.0;0.3;501.0;407.9;116.0
2026-03-10 03:00:00+00:00;5183.4;1420.3;325.1;0.1;885.0;0.0;0.0;521.4;680.1;388.4
2026-03-10 04:00:00+00:00;5184.8;1070.2;321.7;0.2;955.2;0.0;0.7;498.6;701.2;355.2
2026-03-10 05:00:00+00:00;5279.5;733.3;371.6;76.4;1983.9;0.3;2.9;507.4;1044.1;147.0
2026-03-10 06:00:00+00:00;5457.8;581.7;371.6;78.1;9810.3;1.7;5.0;471.9;1998.7;681.1
2026-03-10 07:00:00+00:00;5588.8;507.1;363.2;144.8;32535.2;3.7;3.8;503.2;2008.0;666.1
2026-03-10 08:00:00+00:00;5664.5;370.9;336.6;5.1;77490.7;11.4;5.8;521.3;3282.5;1150.6
2026-03-10 09:00:00+00:00;5652.7;479.7;269.5;14.8;126981.4;17.9;5.8;505.2;4949.7;1769.7
2026-03-10 10:00:00+00:00;5658.5;469.3;284.8;642.2;154743.0;23.9;10.6;475.6;6691.4;639.8
2026-03-10 11:00:00+00:00;5578.2;586.8;214.7;203.7;159292.3;27.7;10.3;534.6;7830.5;512.5
2026-03-10 12:00:00+00:00;5604.7;631.1;240.1;17.6;132026.2;21.3;9.4;473.1;5756.6;204.1
2026-03-10 13:00:00+00:00;5829.2;670.7;275.1;641.9;78050.3;13.7;8.0;364.2;3719.6;203.8
2026-03-10 14:00:00+00:00;6071.4;702.3;232.7;250.3;27831.8;4.3;5.1;309.5;1709.1;268.0
2026-03-10 15:00:00+00:00;6043.7;762.6;261.3;0.3;4429.1;0.6;3.6;322.8;1040.7;720.7
2026-03-10 16:00:00+00:00;6130.1;681.1;268.9;0.0;1161.0;0.0;3.7;350.2;645.8;155.4
2026-03-10 17:00:00+00:00;6002.9;1146.6;222.4;0.2;1205.4;0.0;0.8;339.8;507.6;44.4
2026-03-10 18:00:00+00:00;5930.0;1313.5;204.6;0.0;1020.1;0.0;0.8;353.2;425.1;146.2
2026-03-10 19:00:00+00:00;5854.7;761.0;205.6;0.9;1434.1;0.0;1.2;379.7;1437.9;149.2
2026-03-10 20:00:00+00:00;5963.1;522.9;197.9;0.3;961.6;0.0;1.3;437.7;992.6;755.2
2026-03-10 21:00:00+00:00;6022.2;805.8;207.4;0.0;657.9;0.0;0.4;474.5;434.9;455.6
2026-03-10 22:00:00+00:00;6062.5;876.6;195.9;0.3;820.6;0.0;0.4;464.2;757.0;144.2
2026-03-10 23:00:00+00:00;6065.8;668.8;195.5;0.2;1279.5;0.0;0.4;476.4;2477.2;865.8
2026-03-11 00:00:00+00:00;6072.0;538.9;206.2;0.1;656.8;0.0;0.4;480.7;440.4;96.5
2026-03-11 01:00:00+00:00;6079.4;587.6;198.2;0.0;765.3;0.0;0.0;503.8;700.5;152.6
2026-03-11 02:00:00+00:00;6105.1;405.3;226.7;0.1;641.5;0.0;0.0;497.6;801.5;468.8
2026-03-11 03:00:00+00:00;6100.5;426.2;254.8;0.3;654.9;0.0;0.3;432.9;552.5;366.6
2026-03-11 04:00:00+00:00;6110.8;382.2;300.8;0.1;796.8;0.0;0.3;362.5;577.0;234.0
2026-03-11 05:00:00+00:00;6629.0;285.1;370.7;257.9;2526.1;0.3;2.6;437.2;1312.4;451.3
2026-03-11 06:00:00+00:00;6770.7;386.7;326.8;837.1;11923.6;2.8;5.1;420.5;1898.9;640.1
2026-03-11 07:00:00+00:00;6554.7;239.2;446.1;635.5;33255.4;5.8;5.8;394.1;3814.0;1137.0
2026-03-11 08:00:00+00:00;6272.4;297.4;527.3;10.9;66567.0;9.4;8.6;338.4;3904.9;1425.6
2026-03-11 09:00:00+00:00;6263.3;320.7;493.8;25.0;99156.9;12.5;12.5;384.2;3954.4;540.7
2026-03-11 10:00:00+00:00;6277.0;464.3;236.2;23.9;109883.6;13.1;16.0;387.5;4872.0;615.0
2026-03-11 11:00:00+00:00;6288.4;347.8;240.9;164.0;96067.1;9.2;14.5;355.5;4176.5;118.1
2026-03-11 12:00:00+00:00;6302.3;287.9;250.1;620.8;65113.7;9.5;8.9;371.6;2668.9;123.4
2026-03-11 13:00:00+00:00;6185.8;184.7;245.6;3.7;31243.2;5.9;5.0;401.2;2612.1;575.0
2026-03-11 14:00:00+00:00;6387.6;212.1;319.9;0.9;10858.7;1.7;2.5;345.8;1508.1;205.3
2026-03-11 15:00:00+00:00;6554.6;276.9;305.3;0.2;2539.6;0.1;1.2;381.8;1769.1;936.9
2026-03-11 16:00:00+00:00;6484.8;374.4;264.6;0.0;971.7;0.0;0.9;352.0;686.0;189.3
2026-03-11 17:00:00+00:00;6631.4;653.5;242.8;0.1;882.6;0.0;1.5;343.0;907.1;314.7
2026-03-11 18:00:00+00:00;6508.8;796.3;255.2;0.1;858.0;0.0;1.2;364.5;935.7;558.6
2026-03-11 19:00:00+00:00;6398.9;844.2;267.7;0.2;744.7;0.0;0.8;358.3;637.9;89.6
2026-03-11 20:00:00+00:00;5759.3;733.0;213.6;0.2;1516.0;0.0;0.9;395.2;2542.2;779.9
2026-03-11 21:00:00+00:00;5663.8;730.9;211.0;0.1;651.2;0.0;1.3;404.8;325.8;32.4
2026-03-11 22:00:00+00:00;6073.1;641.0;190.3;0.2;687.3;0.0;1.4;403.0;436.2;81.5
2026-03-11 23:00:00+00:00;6095.8;551.9;205.7;0.1;752.0;0.0;0.5;397.3;607.9;300.4
2026-03-12 00:00:00+00:00;6074.3;894.3;199.2;0.0;954.8;0.0;0.7;408.5;948.5;443.6
2026-03-12 01:00:00+00:00;6060.8;736.9;208.6;0.0;691.0;0.0;0.1;392.1;635.4;281.9
2026-03-12 02:00:00+00:00;6050.3;764.1;199.8;0.1;622.9;0.0;0.1;381.4;411.2;99.3
2026-03-12 03:00:00+00:00;6123.7;842.6;229.0;0.0;945.6;0.0;0.1;390.0;1285.7;958.9
2026-03-12 04:00:00+00:00;6058.7;757.2;265.6;0.1;941.3;0.0;0.2;375.3;892.9;306.5
2026-03-12 05:00:00+00:00;6106.7;681.9;334.4;0.3;1183.9;0.0;0.5;349.8;777.8;159.8
2026-03-12 06:00:00+00:00;6628.0;436.4;309.3;0.5;2483.6;0.2;1.7;367.9;1167.5;479.8
2026-03-12 07:00:00+00:00;6972.6;286.7;236.6;0.9;4248.4;0.5;1.2;371.8;1010.2;416.4
2026-03-12 08:00:00+00:00;6869.7;619.9;218.1;1.5;6270.4;0.9;2.3;343.4;1585.2;836.8
2026-03-12 09:00:00+00:00;6910.4;496.7;232.8;39.6;9504.5;3.1;2.9;396.8;1303.8;536.4
2026-03-12 10:00:00+00:00;6808.0;618.3;224.0;1.5;12733.7;2.8;3.3;406.1;1013.6;338.8
2026-03-12 11:00:00+00:00;6775.5;297.3;256.4;0.9;18181.9;2.2;3.3;384.5;1077.6;370.6
2026-03-12 12:00:00+00:00;6600.4;420.0;262.0;0.9;25036.5;3.3;3.2;396.8;1303.3;606.3
2026-03-12 13:00:00+00:00;6474.0;361.0;266.3;0.6;24853.7;2.8;3.1;354.9;2001.0;803.4
2026-03-12 14:00:00+00:00;6536.0;588.1;286.8;0.8;14053.0;1.7;1.8;307.1;3517.1;1713.3
2026-03-12 15:00:00+00:00;6316.1;958.9;283.8;0.0;2919.4;0.4;0.8;334.8;779.5;484.6
2026-03-12 16:00:00+00:00;6291.5;892.6;247.3;0.0;1192.5;0.0;0.6;330.5;537.5;229.5
2026-03-12 17:00:00+00:00;6458.9;867.2;268.2;0.5;1542.2;0.0;0.6;297.0;2014.1;967.1
2026-03-12 18:00:00+00:00;6469.9;684.1;251.7;0.1;1022.0;0.0;0.2;358.2;815.9;244.7
2026-03-12 19:00:00+00:00;6505.7;942.3;240.7;0.1;847.1;0.0;0.4;348.8;763.4;389.1
2026-03-12 20:00:00+00:00;6387.7;746.9;185.7;0.1;885.7;0.0;0.3;387.7;732.6;282.7
2026-03-12 21:00:00+00:00;6207.6;715.0;216.5;0.5;1319.5;0.0;0.3;418.2;1438.4;603.8
2026-03-12 22:00:00+00:00;6386.1;806.9;205.7;0.3;1229.4;0.0;0.1;416.4;1559.0;606.1
2026-03-12 23:00:00+00:00;6327.9;875.9;212.3;0.2;1863.9;0.0;0.1;396.5;3475.6;1043.4
2026-03-13 00:00:00+00:00;6070.4;1009.5;212.7;0.0;765.8;0.0;0.0;410.4;736.8;261.1
2026-03-13 01:00:00+00:00;6188.5;1044.8;206.6;0.8;1330.8;0.0;0.2;359.4;2075.7;572.8
2026-03-13 02:00:00+00:00;6217.1;1294.7;230.7;0.1;1183.5;0.0;0.1;394.9;1344.9;665.5
2026-03-13 03:00:00+00:00;6175.2;1158.0;234.9;0.0;1067.0;0.0;0.1;381.7;1135.9;171.8
2026-03-13 04:00:00+00:00;6254.2;1166.2;255.4;0.0;1228.9;0.0;0.0;382.2;1463.9;341.3
2026-03-13 05:00:00+00:00;6257.7;990.5;318.6;0.4;2883.4;0.1;2.9;355.3;1559.8;348.1
2026-03-13 06:00:00+00:00;6201.2;1143.5;335.7;0.8;14987.6;2.0;3.5;299.8;1609.2;210.0
2026-03-13 07:00:00+00:00;6162.8;1289.2;317.4;3.0;38240.3;5.6;6.1;330.0;2889.3;688.0
2026-03-13 08:00:00+00:00;6172.3;1224.0;349.2;6.3;74243.6;9.1;11.2;326.7;5329.5;1039.9
2026-03-13 09:00:00+00:00;6170.2;1589.4;349.5;22.3;107873.7;14.4;10.4;415.6;6357.9;1140.1
2026-03-13 10:00:00+00:00;6118.6;1298.5;331.7;33.1;119705.4;15.9;19.5;357.1;6575.2;727.7
2026-03-13 11:00:00+00:00;5863.1;1417.6;305.5;31.7;116080.4;14.1;15.0;376.6;7297.6;915.6
2026-03-13 12:00:00+00:00;5797.0;1622.8;293.4;22.9;94862.7;10.5;13.1;354.9;5901.4;202.6
2026-03-13 13:00:00+00:00;5879.6;1479.3;308.6;4.2;57817.9;5.5;9.4;353.5;4126.3;390.4
2026-03-13 14:00:00+00:00;5917.2;1042.4;297.6;1.7;22552.2;2.6;4.1;306.8;4598.9;1230.4
2026-03-13 15:00:00+00:00;5921.4;1219.5;262.9;0.2;4101.5;0.3;3.3;331.2;1779.9;364.3
2026-03-13 16:00:00+00:00;5819.9;1066.2;248.0;0.1;1769.3;0.0;3.2;315.9;1886.6;301.7
2026-03-13 17:00:00+00:00;5872.9;1145.6;241.7;0.0;1738.2;0.0;3.4;294.5;1952.5;704.0
2026-03-13 18:00:00+00:00;5887.4;1198.2;220.4;0.0;1392.1;0.0;3.2;292.2;1144.4;149.8
2026-03-13 19:00:00+00:00;5761.7;1095.1;222.1;0.1;1384.6;0.0;2.8;309.5;988.6;149.0
2026-03-13 20:00:00+00:00;5752.8;850.8;210.0;0.2;1750.2;0.0;1.2;341.5;2064.0;518.9
2026-03-13 21:00:00+00:00;5570.8;897.5;182.0;0.1;1201.6;0.0;0.3;356.0;595.4;179.6
2026-03-13 22:00:00+00:00;5672.8;476.9;171.4;0.1;1407.8;0.0;0.1;394.9;1250.3;702.8
2026-03-13 23:00:00+00:00;5672.7;359.8;194.4;0.0;1634.5;0.0;0.0;402.2;1653.8;839.5
2026-03-14 00:00:00+00:00;5666.2;83.4;210.6;0.0;1274.3;0.0;0.1;347.4;534.6;329.0
2026-03-14 01:00:00+00:00;5569.7;60.3;189.1;0.2;1600.2;0.0;0.1;336.9;1307.0;757.8
2026-03-14 02:00:00+00:00;5596.7;34.0;183.8;0.0;1285.6;0.0;0.5;362.0;441.6;286.1
2026-03-14 03:00:00+00:00;5686.5;22.2;179.1;0.1;1647.4;0.0;0.5;367.6;1393.4;878.2
2026-03-14 04:00:00+00:00;5628.1;209.1;209.6;0.2;1674.2;0.0;0.7;344.7;1042.5;552.4
2026-03-14 05:00:00+00:00;5732.0;980.1;296.3;0.2;4630.5;1.1;2.2;335.4;397.8;66.5
2026-03-14 06:00:00+00:00;5831.2;215.5;286.9;2.9;16090.1;3.7;3.1;318.5;2297.2;823.6
2026-03-14 07:00:00+00:00;5982.1;451.2;267.5;2.2;36077.8;7.4;5.5;424.1;4870.8;1948.4
2026-03-14 08:00:00+00:00;5955.7;373.0;276.2;11.6;62122.7;8.9;11.0;472.5;2479.8;503.4
2026-03-14 09:00:00+00:00;6049.3;405.1;272.0;21.1;77706.3;12.7;16.4;433.9;4060.0;670.6
2026-03-14 10:00:00+00:00;6009.4;733.8;232.9;18.4;83020.9;16.5;15.5;391.3;3466.9;232.5
2026-03-14 11:00:00+00:00;5987.6;576.2;224.0;11.8;85547.7;14.7;18.1;381.7;4249.5;398.7
2026-03-14 12:00:00+00:00;6004.1;442.5;249.8;9.8;71237.0;14.2;15.6;388.1;3444.0;144.4
2026-03-14 13:00:00+00:00;5940.0;488.6;247.2;5.1;40680.3;8.1;10.8;339.5;2310.3;62.8
2026-03-14 14:00:00+00:00;6036.3;481.3;262.9;1.5;15081.5;1.6;3.5;307.0;1732.2;301.9
2026-03-14 15:00:00+00:00;6004.1;596.5;276.2;0.2;2819.9;0.2;2.1;355.3;1055.0;339.9
2026-03-14 16:00:00+00:00;6135.7;530.0;244.0;0.1;1178.4;0.0;2.2;354.9;1084.9;403.2
2026-03-14 17:00:00+00:00;6002.0;407.4;247.8;0.2;1074.4;0.0;2.4;347.2;1212.9;271.6
2026-03-14 18:00:00+00:00;5813.5;376.1;257.7;0.0;724.2;0.0;2.0;345.1;808.9;58.2
2026-03-14 19:00:00+00:00;5790.7;610.2;259.5;0.0;627.3;0.0;1.5;353.4;919.8;240.8
2026-03-14 20:00:00+00:00;6253.8;541.0;278.7;0.3;1101.3;0.0;1.2;406.6;2050.8;832.8
2026-03-14 21:00:00+00:00;6228.0;489.3;210.6;0.0;769.5;0.0;1.0;427.8;1004.2;340.3
2026-03-14 22:00:00+00:00;6132.9;351.3;175.2;0.0;670.5;0.0;0.8;418.1;999.7;402.5
2026-03-14 23:00:00+00:00;6075.5;366.0;169.0;0.0;680.2;0.0;0.2;428.2;1301.9;956.4
